Hindi,English,Science,Maths,History,Geography,Cluster
96,96,82,87,67,53,0
72,77,25,90,41,88,0
65,91,29,96,84,98,0
94,17,62,71,21,27,0
91,57,79,71,59,44,0
81,39,99,90,80,89,0
94,79,31,89,79,13,0
97,66,70,83,75,49,0
74,89,8,64,66,36,0
72,19,57,70,43,85,0
97,29,47,74,87,49,0
82,64,65,74,96,38,0
61,83,54,99,47,72,0
59,45,87,93,63,24,0
88,67,82,68,21,68,0
94,98,56,53,87,24,0
58,44,67,62,10,12,0
87,63,27,44,20,15,0
66,80,56,82,94,26,0
87,59,70,56,41,15,0
86,94,2,82,88,17,0
55,96,71,72,66,26,0
97,1,16,83,32,48,0
83,42,53,78,24,71,0
93,26,99,89,14,89,0
94,70,30,77,11,39,0
91,64,15,43,34,54,0
89,23,76,83,1,93,0
93,94,30,97,58,27,0
87,37,63,60,19,18,0
78,70,56,94,36,72,0
91,88,80,84,19,80,0
97,84,28,64,49,88,0
87,41,16,72,67,9,0
96,87,48,44,38,43,0
83,80,70,98,16,44,0
92,50,61,68,23,50,0
77,60,44,86,47,22,0
97,82,20,89,45,74,0
51,86,84,59,53,18,0
87,96,61,56,74,86,0
53,87,47,80,56,11,0
60,73,94,80,15,78,0
83,52,68,55,29,26,0
86,37,38,81,76,37,0
72,44,0,88,69,72,0
89,77,71,56,9,19,0
81,75,72,84,43,67,0
62,90,33,89,60,47,0
77,43,11,70,63,73,0
95,49,27,79,75,49,0
89,11,86,84,71,21,0
76,48,10,76,21,79,0
95,9,86,86,8,13,0
66,54,88,66,88,26,0
99,13,76,95,91,73,0
87,73,74,84,4,11,0
78,65,24,53,14,2,0
79,29,21,99,66,81,0
91,78,67,97,99,8,0
85,42,77,57,73,29,0
71,31,36,96,55,85,0
62,82,54,70,48,33,0
81,73,42,37,95,46,0
54,57,21,68,25,36,0
92,38,51,94,98,26,0
94,82,8,88,21,35,0
79,56,57,61,54,37,0
96,84,93,88,50,25,0
73,34,58,88,6,12,0
79,66,78,79,44,11,0
76,67,16,95,62,26,0
62,70,59,84,77,36,0
76,26,9,91,23,14,0
73,50,36,76,88,89,0
88,38,70,76,30,47,0
68,50,57,78,47,6,0
90,57,33,91,90,14,0
62,72,83,76,46,17,0
76,32,0,94,53,70,0
98,89,41,51,79,86,0
94,67,32,51,64,73,0
63,63,58,63,29,99,0
73,85,52,65,84,50,0
70,59,35,69,80,22,0
99,27,88,83,63,26,0
76,38,30,94,30,69,0
88,79,45,87,18,6,0
87,43,44,56,13,79,0
79,19,72,89,99,13,0
98,61,13,56,42,51,0
68,40,54,87,47,61,0
81,83,84,66,55,62,0
94,94,30,41,17,49,0
93,30,19,94,17,63,0
55,57,22,93,85,8,0
93,96,22,96,28,80,0
72,30,75,98,49,38,0
50,65,58,60,36,66,0
92,26,56,69,75,56,0
94,53,65,50,92,0,0
99,22,82,78,92,17,0
89,46,82,96,1,84,0
40,73,26,95,86,75,0
91,96,63,93,92,4,0
70,34,27,67,55,29,0
68,73,79,81,78,83,0
60,46,45,90,96,79,0
99,68,50,89,97,47,0
40,74,29,75,64,47,0
91,50,1,91,10,4,0
97,63,26,31,93,75,0
77,99,78,57,73,53,0
50,64,33,87,95,59,0
80,98,36,71,18,86,0
74,46,46,49,72,27,0
62,56,51,51,94,74,0
57,59,14,90,37,30,0
95,71,26,35,45,3,0
72,56,64,64,19,62,0
85,10,49,70,51,60,0
90,91,26,86,55,67,0
42,81,33,85,45,29,0
89,9,83,95,57,8,0
66,61,30,61,42,85,0
85,46,22,82,12,71,0
96,41,97,68,50,76,0
98,54,97,85,54,25,0
70,42,65,73,43,71,0
78,67,3,57,45,7,0
78,72,71,51,65,46,0
89,39,41,76,60,84,0
63,46,94,92,34,1,0
88,59,36,73,5,18,0
94,15,6,73,46,64,0
56,54,34,61,30,19,0
81,27,69,67,49,27,0
79,62,71,68,84,79,0
88,91,97,93,94,42,0
99,21,51,97,74,66,0
94,73,93,73,20,4,0
76,93,70,85,51,99,0
91,84,3,93,95,49,0
51,66,17,78,53,1,0
85,2,67,92,51,38,0
81,85,16,36,64,9,0
96,53,60,90,14,90,0
50,66,41,99,89,94,0
84,41,40,75,41,57,0
74,89,48,88,41,53,0
67,54,21,88,41,19,0
96,75,46,50,59,27,0
99,59,1,92,1,9,0
67,79,58,84,54,7,0
97,55,88,59,35,38,0
88,66,24,73,33,89,0
73,56,52,51,15,78,0
77,97,20,76,26,20,0
89,66,29,73,10,36,0
74,82,12,78,56,57,0
54,60,59,65,71,16,0
95,32,99,99,13,49,0
97,42,21,71,70,32,0
53,72,73,94,39,6,0
88,84,40,85,40,17,0
92,10,52,88,24,89,0
64,84,76,72,25,45,0
80,29,73,65,38,83,0
96,69,25,48,55,84,0
57,91,63,96,46,70,0
76,49,53,93,93,44,0
94,56,4,67,91,50,0
88,46,59,94,52,38,0
42,62,25,87,51,68,0
99,90,81,60,83,50,0
55,89,68,58,13,13,0
94,62,68,84,13,35,0
93,57,6,94,23,84,0
72,30,34,90,71,36,0
52,55,39,93,58,46,0
99,55,37,97,0,45,0
90,35,27,53,52,80,0
88,72,43,32,61,2,0
39,73,43,86,2,31,0
87,47,31,35,79,57,0
98,53,29,61,40,11,0
85,33,4,84,11,73,0
96,46,66,87,65,23,0
93,41,42,98,72,84,0
73,67,41,75,4,15,0
76,36,53,60,32,27,0
94,61,61,91,65,59,0
74,88,90,74,69,84,0
90,64,56,47,13,7,0
84,67,78,98,27,72,0
66,87,33,66,54,28,0
76,94,65,47,39,13,0
96,68,37,62,57,28,0
76,66,50,47,55,48,0
84,82,46,74,54,46,0
63,68,8,62,79,29,0
76,17,57,76,1,38,0
71,67,43,56,1,56,0
89,90,99,90,63,36,0
77,20,33,78,66,5,0
87,65,96,69,22,81,0
55,50,53,65,36,35,0
95,98,78,98,23,70,0
54,51,35,83,58,53,0
87,20,96,81,73,41,0
57,54,80,77,29,24,0
80,72,69,78,48,8,0
85,88,39,97,31,15,0
66,45,85,89,33,12,0
53,79,43,94,49,26,0
71,48,1,98,90,17,0
47,83,64,81,25,59,0
48,74,50,73,29,36,0
75,90,15,89,76,98,0
88,43,35,73,99,42,0
96,34,30,76,62,68,0
82,74,64,67,23,14,0
89,92,97,55,26,93,0
74,50,93,92,69,16,0
78,83,68,43,76,85,0
69,43,64,59,34,95,0
58,91,14,87,62,23,0
47,59,34,70,83,15,0
95,85,68,53,25,95,0
67,73,17,91,21,91,0
82,51,76,75,9,29,0
65,35,61,65,12,54,0
98,15,38,69,49,8,0
75,72,76,97,30,99,0
95,82,52,59,1,94,0
68,40,71,97,20,80,0
83,19,55,82,47,45,0
77,54,27,85,11,25,0
78,83,41,38,90,7,0
66,37,59,63,33,36,0
11,66,63,76,89,81,1
37,76,63,80,53,49,1
3,47,66,24,25,16,1
23,22,35,78,43,79,1
17,28,25,92,94,89,1
41,26,70,73,40,47,1
12,1,54,71,26,49,1
56,6,92,92,25,29,1
24,41,94,85,72,90,1
17,7,46,79,33,86,1
2,35,69,36,34,38,1
23,54,58,59,55,72,1
19,42,40,67,2,98,1
47,10,88,81,7,7,1
42,16,72,93,37,16,1
23,39,34,96,41,51,1
5,6,60,38,69,60,1
4,16,92,45,7,71,1
3,89,96,21,78,85,1
32,82,75,57,44,1,1
49,80,93,69,79,14,1
22,42,68,98,52,33,1
25,31,82,81,42,21,1
32,6,60,45,52,93,1
16,41,95,43,99,7,1
16,12,99,71,37,35,1
24,44,95,94,12,78,1
30,61,70,46,12,41,1
1,72,55,95,57,19,1
15,0,93,89,99,42,1
15,6,79,40,28,20,1
37,29,79,87,40,88,1
36,61,99,43,97,8,1
2,50,96,64,45,76,1
44,68,82,47,12,99,1
19,74,69,93,76,89,1
23,52,87,94,16,27,1
5,72,44,85,73,75,1
43,7,58,77,66,50,1
2,20,96,15,39,51,1
46,71,95,56,79,96,1
18,33,94,61,7,52,1
19,42,55,93,59,1,1
8,3,74,92,35,44,1
16,37,64,95,24,26,1
31,77,66,63,83,14,1
29,55,68,73,18,98,1
17,13,87,82,89,13,1
55,19,63,64,8,80,1
52,51,43,53,92,73,1
3,39,88,98,76,86,1
14,57,55,59,63,79,1
23,64,89,76,15,98,1
27,87,94,92,14,28,1
29,26,94,73,82,46,1
26,53,75,88,44,36,1
2,52,90,31,64,88,1
14,51,58,80,87,3,1
0,96,98,73,97,91,1
34,97,93,92,0,31,1
1,84,85,62,56,43,1
6,57,72,32,16,37,1
44,40,58,43,29,92,1
14,82,76,46,69,96,1
4,65,45,79,89,47,1
20,43,50,70,35,27,1
13,45,99,90,88,65,1
39,18,56,53,29,78,1
26,50,62,95,35,46,1
48,58,98,67,87,44,1
0,48,94,73,52,96,1
0,96,80,74,70,42,1
17,14,64,87,46,83,1
24,16,75,66,91,97,1
31,75,43,70,95,23,1
22,31,60,52,99,55,1
14,56,92,81,87,97,1
13,77,95,61,65,96,1
4,6,94,14,97,20,1
18,7,75,65,3,90,1
16,35,62,42,99,0,1
47,15,97,90,9,26,1
21,24,53,26,62,94,1
35,32,72,82,99,10,1
11,3,74,91,18,81,1
3,53,64,64,88,42,1
7,35,88,15,22,46,1
73,3,95,96,43,64,1
10,49,52,79,20,95,1
1,16,69,71,27,83,1
21,66,72,29,66,7,1
17,22,72,6,95,58,1
60,8,60,75,55,79,1
12,59,84,19,58,56,1
4,12,86,20,98,89,1
15,93,80,97,73,8,1
0,31,68,93,82,93,1
60,31,79,70,82,80,1
17,14,36,75,95,75,1
4,53,69,94,25,57,1
55,48,79,59,88,30,1
5,33,98,88,17,94,1
45,5,92,53,63,17,1
8,81,76,76,17,60,1
36,99,67,63,91,16,1
17,90,66,80,6,78,1
37,63,55,62,55,66,1
28,23,95,83,14,53,1
14,82,97,51,48,47,1
28,46,70,38,67,89,1
25,44,57,69,0,38,1
44,20,76,86,91,2,1
5,56,54,43,43,41,1
26,31,75,58,56,99,1
58,66,92,70,79,50,1
12,25,63,87,3,77,1
13,20,82,61,91,34,1
29,78,63,93,71,77,1
12,5,53,70,99,47,1
25,37,70,81,1,72,1
65,18,98,90,67,9,1
59,37,94,75,44,55,1
15,47,87,5,89,91,1
7,27,65,80,31,85,1
42,35,95,92,75,77,1
46,53,96,45,60,62,1
29,64,93,40,29,98,1
4,6,97,67,92,57,1
30,82,86,55,78,18,1
3,35,38,49,62,83,1
11,71,69,89,26,70,1
44,5,81,52,64,17,1
3,7,71,59,52,68,1
26,91,92,74,9,98,1
19,35,52,50,94,69,1
16,26,63,51,93,64,1
14,68,80,84,81,20,1
32,24,94,85,74,84,1
12,14,87,63,49,88,1
4,8,82,58,3,65,1
6,94,50,98,82,85,1
24,26,86,76,64,6,1
19,39,55,85,65,39,1
1,16,93,94,13,63,1
4,30,79,21,17,40,1
38,8,77,37,82,70,1
16,78,56,74,34,12,1
16,30,50,95,19,60,1
38,46,55,86,92,3,1
39,45,66,93,18,84,1
53,85,96,76,83,62,1
21,24,83,93,93,28,1
3,59,71,78,72,68,1
27,72,51,89,86,65,1
1,49,67,65,42,61,1
3,67,81,59,33,84,1
18,23,97,65,15,20,1
31,35,90,73,40,47,1
7,85,76,99,60,25,1
29,75,50,77,40,53,1
24,17,63,82,93,97,1
29,29,83,45,82,59,1
22,68,91,88,50,97,1
51,62,85,83,59,52,1
12,94,50,84,87,16,1
29,32,66,29,88,26,1
20,34,46,71,57,28,1
39,19,65,90,89,5,1
43,39,89,66,98,85,1
24,83,85,42,77,80,1
7,83,75,63,90,30,1
8,7,60,95,36,79,1
15,87,5,37,75,10,2
32,65,11,25,1,43,2
97,79,22,16,20,91,2
62,96,48,20,23,33,2
33,80,69,29,91,82,2
31,76,11,14,86,65,2
22,55,57,6,72,89,2
52,82,79,47,6,98,2
21,97,67,45,24,11,2
49,85,50,4,40,67,2
23,91,39,38,3,91,2
1,75,15,23,17,56,2
60,63,4,19,57,52,2
43,81,44,51,20,60,2
36,92,84,53,28,93,2
2,81,55,34,46,38,2
15,97,41,24,54,38,2
78,88,29,0,65,15,2
55,89,54,36,67,41,2
3,70,6,13,53,77,2
5,91,61,41,23,88,2
4,64,4,47,6,53,2
46,93,58,39,12,61,2
48,78,34,16,39,58,2
60,74,20,34,23,83,2
20,72,36,41,89,64,2
12,60,0,40,3,70,2
27,75,10,22,30,89,2
19,69,31,5,30,75,2
17,64,3,32,83,74,2
31,65,74,3,6,86,2
53,93,13,12,28,94,2
37,53,23,14,40,42,2
18,49,44,20,80,55,2
83,95,0,3,30,87,2
26,78,23,57,32,25,2
66,87,16,23,89,80,2
48,63,55,17,77,89,2
14,87,53,52,22,45,2
72,94,21,33,74,69,2
13,60,14,26,9,70,2
52,52,20,28,66,53,2
53,59,37,8,39,55,2
10,80,8,56,13,94,2
14,96,96,16,58,76,2
92,83,2,36,62,67,2
29,51,6,8,26,36,2
75,84,10,10,75,98,2
3,83,0,17,72,61,2
21,73,9,26,16,62,2
51,75,8,7,35,2,2
20,86,33,19,10,62,2
83,86,42,14,39,40,2
30,68,30,14,16,6,2
2,73,81,5,42,36,2
5,86,35,80,0,83,2
93,86,36,39,26,78,2
55,94,59,68,82,89,2
15,64,14,43,59,59,2
4,75,9,9,65,78,2
9,83,70,14,11,78,2
39,81,37,38,6,54,2
28,87,54,63,69,96,2
28,98,47,61,35,19,2
45,64,27,64,69,75,2
57,81,61,28,22,56,2
4,52,43,17,58,96,2
76,96,35,37,65,69,2
54,93,21,16,10,30,2
4,72,20,76,91,83,2
4,82,46,7,68,60,2
0,78,50,26,34,71,2
13,59,12,53,72,60,2
53,70,7,20,47,81,2
52,33,22,10,40,83,2
77,87,4,49,26,37,2
38,65,20,36,34,37,2
91,60,14,15,54,82,2
78,48,5,20,25,59,2
13,91,43,9,42,92,2
75,93,14,31,70,81,2
76,82,23,14,0,23,2
37,62,23,54,98,92,2
4,78,2,21,60,4,2
5,94,79,23,36,37,2
27,92,28,43,71,0,2
18,90,17,48,37,48,2
61,52,15,2,88,62,2
50,86,18,70,17,85,2
49,83,62,16,54,63,2
60,88,31,55,19,84,2
1,75,61,2,71,38,2
98,90,12,12,70,84,2
12,79,13,28,1,4,2
36,90,8,85,93,42,2
44,97,54,12,34,8,2
62,82,36,20,40,46,2
8,82,39,61,10,71,2
62,79,19,37,17,78,2
1,63,66,31,3,24,2
22,96,30,33,95,22,2
26,76,37,24,90,44,2
68,55,29,34,13,95,2
74,28,12,5,19,96,2
52,60,41,1,20,88,2
34,70,74,26,51,80,2
45,77,44,16,88,31,2
33,85,59,21,70,21,2
40,88,85,22,52,52,2
27,80,10,58,29,63,2
47,75,1,5,36,77,2
25,76,73,3,92,96,2
48,95,60,18,80,87,2
46,97,6,28,35,56,2
7,83,15,50,88,30,2
65,69,4,53,11,66,2
30,87,30,56,63,39,2
27,92,15,28,76,64,2
89,70,13,1,44,99,2
85,91,13,32,45,22,2
36,88,83,5,5,76,2
2,65,69,4,86,89,2
23,79,53,61,30,93,2
37,71,59,16,36,29,2
36,90,25,27,93,50,2
7,49,11,35,49,90,2
9,95,24,51,59,68,2
34,91,44,77,95,79,2
55,51,41,41,25,46,2
34,55,35,69,18,91,2
28,95,22,38,27,24,2
24,87,51,0,75,8,2
6,61,0,27,9,78,2
8,57,54,5,81,61,2
59,93,31,55,99,92,2
16,76,69,17,15,67,2
49,84,28,51,48,42,2
54,61,26,0,43,24,2
33,79,72,29,64,73,2
62,81,43,47,81,75,2
7,93,47,27,52,94,2
60,94,36,33,6,52,2
43,67,36,67,40,87,2
96,76,22,17,20,23,2
78,61,25,13,48,82,2
71,64,28,32,4,10,2
4,97,33,32,95,37,2
48,88,26,69,67,86,2
34,64,45,51,25,54,2
18,57,17,55,54,75,2
50,79,60,8,15,36,2
6,67,28,58,9,23,2
43,41,4,15,77,90,2
92,85,34,27,69,67,2
24,57,29,51,93,93,2
6,54,1,15,54,49,2
15,98,19,56,18,71,2
28,98,83,41,1,94,2
11,82,31,35,2,85,2
1,51,46,33,28,83,2
77,76,22,35,1,14,2
49,55,14,17,59,38,2
37,88,9,1,38,53,2
50,52,41,51,79,89,2
84,82,5,26,21,89,2
49,99,32,30,57,53,2
42,69,3,64,44,55,2
52,97,10,62,20,12,2
86,76,32,25,99,72,2
53,80,41,25,49,78,2
48,94,2,28,21,29,2
0,47,11,7,77,90,2
34,77,8,82,58,67,2
31,91,69,0,34,8,2
43,67,61,9,42,73,2
92,76,30,18,10,38,2
20,98,52,11,85,25,2
47,71,5,37,65,40,2
49,86,89,22,43,94,2
54,98,0,6,22,65,2
12,54,10,55,29,73,2
51,88,53,10,94,20,2
57,70,10,40,7,90,2
20,92,15,82,92,61,2
63,69,30,11,85,36,2
42,96,58,26,43,6,2
23,82,31,42,84,52,2
47,85,23,85,12,83,2
44,33,24,6,21,74,2
54,81,67,27,38,84,2
14,91,6,38,17,58,2
37,87,51,64,37,29,2
50,81,16,62,8,86,2
25,88,18,8,2,1,2
60,61,30,28,82,77,2
91,87,25,49,65,97,2
17,66,12,56,0,53,2
70,76,10,6,70,35,2
35,90,3,86,24,93,2
26,77,97,26,6,84,2
76,98,13,32,2,41,2
11,87,18,27,90,50,2
8,92,42,57,70,59,2
71,48,30,25,8,82,2
40,35,74,8,35,83,3
84,36,55,14,22,61,3
71,50,70,4,92,10,3
81,91,54,22,39,1,3
20,32,95,10,44,18,3
51,50,48,23,15,5,3
40,19,71,17,35,24,3
55,65,67,16,63,42,3
89,5,49,42,35,5,3
22,73,85,10,39,8,3
65,56,83,7,54,22,3
91,86,64,32,21,17,3
72,78,62,32,72,53,3
74,98,88,14,24,86,3
74,40,41,6,84,60,3
23,3,98,4,64,39,3
85,47,73,33,93,27,3
83,68,56,11,90,21,3
99,53,61,5,10,65,3
69,73,84,0,56,2,3
88,55,97,38,69,80,3
65,9,81,66,51,35,3
85,20,67,26,4,74,3
77,29,50,33,68,96,3
50,78,96,40,65,56,3
59,77,95,14,23,83,3
60,79,67,1,35,25,3
58,2,61,39,31,41,3
53,27,91,9,15,72,3
98,18,84,43,1,26,3
81,86,45,11,29,13,3
86,16,88,31,48,81,3
71,16,69,60,28,26,3
94,53,21,4,55,54,3
78,20,77,10,92,26,3
69,24,83,10,3,82,3
67,76,76,16,58,49,3
98,51,29,19,60,24,3
87,53,41,16,23,3,3
84,10,96,37,7,38,3
35,89,91,21,1,3,3
48,15,68,35,12,47,3
85,3,86,59,7,88,3
77,62,72,6,35,2,3
93,32,57,8,85,7,3
90,35,68,5,76,5,3
94,69,37,20,68,86,3
54,30,84,51,4,18,3
68,12,74,2,58,93,3
68,28,51,23,23,69,3
95,65,89,39,56,73,3
53,0,99,33,41,64,3
65,10,59,3,71,37,3
30,29,61,6,64,64,3
70,40,45,30,10,99,3
64,73,77,42,90,51,3
89,14,57,18,2,99,3
73,11,47,37,13,72,3
92,28,99,25,91,80,3
75,15,94,18,3,50,3
97,49,84,41,89,74,3
82,8,87,17,12,32,3
88,10,61,43,90,93,3
99,33,32,18,50,48,3
96,60,96,1,38,1,3
36,58,96,27,68,24,3
86,35,66,33,53,62,3
73,41,83,36,65,28,3
70,52,75,10,14,8,3
68,34,55,38,77,39,3
65,64,73,29,19,54,3
48,48,96,3,55,63,3
84,0,59,53,21,45,3
96,22,97,35,98,82,3
48,32,89,22,13,84,3
65,32,72,8,95,37,3
58,46,77,48,58,90,3
68,74,84,27,25,98,3
72,46,65,24,35,45,3
85,85,82,23,52,80,3
38,37,70,9,28,72,3
63,32,94,2,41,2,3
84,74,47,16,78,66,3
53,89,73,25,52,25,3
43,41,90,40,23,68,3
75,38,51,34,84,44,3
96,93,89,38,93,49,3
51,43,86,24,43,68,3
59,84,84,23,5,37,3
53,47,63,38,77,89,3
80,50,32,20,58,38,3
29,72,84,10,57,67,3
70,27,91,37,5,58,3
88,19,49,17,36,50,3
67,48,85,53,41,50,3
63,7,96,27,39,14,3
94,53,79,36,48,48,3
32,57,94,13,73,27,3
56,79,78,12,7,51,3
59,15,80,44,61,85,3
53,61,70,28,83,44,3
62,7,86,34,46,45,3
79,1,82,28,69,19,3
90,32,66,2,91,70,3
69,46,76,27,12,41,3
76,76,94,36,1,73,3
61,53,90,7,94,89,3
44,71,73,34,39,29,3
96,13,99,46,23,84,3
95,27,73,2,46,18,3
65,62,29,4,42,0,3
82,39,28,3,8,72,3
59,46,45,34,12,27,3
98,45,93,21,40,95,3
73,23,82,27,60,29,3
78,81,96,1,60,28,3
83,33,74,33,23,43,3
61,76,62,34,7,31,3
91,75,94,18,20,35,3
77,5,95,8,21,52,3
49,10,81,13,39,86,3
68,26,95,43,2,24,3
81,47,90,50,45,9,3
64,35,90,38,38,14,3
51,28,82,17,39,26,3
73,11,62,59,80,99,3
40,58,96,40,57,29,3
93,49,91,40,86,75,3
80,34,97,63,3,85,3
69,34,73,28,71,39,3
72,51,31,31,7,32,3
76,50,96,54,34,35,3
98,16,48,40,91,81,3
58,12,82,10,1,17,3
82,62,96,37,79,71,3
78,58,82,16,78,89,3
98,11,93,42,93,6,3
60,43,62,3,90,62,3
89,7,69,9,81,54,3
61,51,40,8,87,7,3
94,44,87,48,19,73,3
39,54,96,20,50,75,3
90,64,33,9,89,1,3
72,22,48,32,70,61,3
73,1,75,8,74,23,3
40,41,71,5,2,35,3
92,6,60,14,56,41,3
75,78,68,33,79,91,3
52,17,82,10,77,18,3
70,22,42,13,26,92,3
73,22,94,52,57,37,3
61,60,81,19,24,72,3
16,34,89,5,63,68,3
68,31,37,22,63,88,3
53,66,88,37,32,33,3
43,46,95,23,4,18,3
79,77,93,49,47,16,3
89,75,83,4,8,79,3
91,38,68,40,41,5,3
70,71,76,20,67,67,3
69,57,76,31,75,99,3
96,68,83,20,49,80,3
32,84,92,23,74,48,3
58,2,62,29,51,30,3
74,13,59,38,65,11,3
62,44,41,6,90,23,3
71,34,53,4,36,73,3
88,76,84,40,67,73,3
90,51,74,25,23,95,3
93,60,77,13,88,75,3
70,66,89,10,40,81,3
70,19,65,9,37,14,3
79,18,76,23,6,28,3
77,29,52,7,39,80,3
32,60,92,10,52,79,3
93,6,69,36,40,65,3
87,45,72,15,34,18,3
73,31,75,12,46,49,3
92,85,96,39,51,35,3
66,8,32,17,13,12,4
39,21,13,23,63,97,4
56,20,57,65,12,18,4
9,1,2,64,14,59,4
50,13,42,10,32,19,4
31,44,7,27,84,8,4
47,42,11,43,59,77,4
3,36,2,23,75,80,4
43,13,35,15,97,48,4
44,53,3,33,22,11,4
43,30,12,65,94,30,4
8,25,24,18,28,0,4
30,38,32,78,29,37,4
34,22,18,53,52,39,4
3,54,42,30,72,28,4
36,0,17,43,84,92,4
33,18,42,32,62,75,4
61,31,46,30,81,19,4
42,7,61,64,62,24,4
25,2,43,31,58,38,4
55,50,28,27,73,25,4
62,1,6,71,15,30,4
27,1,9,57,1,68,4
13,44,34,33,45,48,4
40,36,41,87,28,13,4
43,31,5,60,79,29,4
23,42,54,38,84,6,4
89,25,11,25,92,52,4
87,35,12,27,60,50,4
0,36,19,86,0,49,4
55,10,0,62,88,44,4
29,15,16,33,33,90,4
15,54,3,52,7,18,4
17,21,27,48,48,61,4
2,13,2,67,31,37,4
76,22,0,76,71,65,4
33,15,33,89,20,30,4
12,70,12,55,80,0,4
51,2,17,43,60,56,4
83,8,0,33,74,41,4
52,25,46,64,70,60,4
18,14,26,96,54,36,4
37,47,5,95,60,24,4
80,37,9,6,1,17,4
23,43,40,15,97,57,4
17,26,8,66,0,38,4
23,11,48,34,15,67,4
49,13,22,69,58,63,4
16,40,31,47,77,32,4
33,13,30,2,3,22,4
30,41,40,45,74,58,4
55,15,24,1,25,97,4
97,10,7,67,89,0,4
22,51,9,14,76,22,4
57,1,48,64,38,72,4
72,30,11,65,67,6,4
10,4,65,3,46,26,4
6,44,8,62,13,29,4
54,26,34,63,30,43,4
16,7,47,29,89,16,4
44,6,72,59,40,6,4
12,18,14,61,49,0,4
61,17,16,16,20,48,4
73,48,6,38,50,21,4
51,43,14,53,64,59,4
14,10,29,97,68,20,4
95,13,19,49,50,76,4
66,22,45,36,32,45,4
72,35,4,46,39,12,4
13,19,29,21,60,6,4
71,43,8,26,10,4,4
73,43,25,4,99,36,4
63,20,38,32,20,55,4
16,39,38,35,91,49,4
23,9,19,43,57,81,4
92,9,3,36,53,63,4
12,4,3,97,2,62,4
39,1,17,74,10,5,4
45,32,37,82,1,42,4
5,36,23,65,61,73,4
52,44,17,67,17,49,4
64,36,36,26,85,60,4
84,22,5,57,83,80,4
38,25,10,14,34,84,4
26,3,51,55,20,37,4
74,5,0,58,92,60,4
55,19,23,47,33,20,4
57,60,7,63,95,40,4
27,15,1,2,53,85,4
15,4,18,23,58,20,4
7,20,27,0,84,13,4
41,10,20,16,10,48,4
50,3,32,64,52,43,4
25,37,4,37,41,28,4
23,36,24,48,19,83,4
54,5,40,81,10,13,4
41,6,45,45,73,96,4
58,9,27,3,7,79,4
29,25,12,45,93,69,4
38,38,53,53,53,33,4
37,19,41,2,99,67,4
9,11,1,62,20,36,4
2,41,3,98,35,57,4
83,0,37,60,76,43,4
45,60,18,44,53,1,4
86,24,8,21,86,21,4
38,15,44,68,47,10,4
15,35,31,42,37,75,4
44,26,42,34,94,33,4
35,28,25,32,96,51,4
3,20,0,38,65,28,4
61,20,18,5,6,6,4
13,52,11,77,95,57,4
93,6,11,7,27,79,4
73,22,31,23,17,2,4
37,17,4,90,57,1,4
31,39,64,41,35,9,4
20,23,61,18,71,38,4
22,32,36,90,15,29,4
17,23,21,4,17,45,4
40,59,13,48,66,14,4
47,42,50,18,90,30,4
2,14,28,38,83,26,4
44,23,49,85,64,10,4
57,42,7,44,44,71,4
24,22,41,16,29,16,4
5,62,5,79,33,16,4
27,39,55,32,47,52,4
32,63,20,63,87,11,4
58,12,63,41,89,25,4
5,36,2,67,5,92,4
44,20,36,33,22,86,4
6,6,35,48,85,68,4
7,23,27,45,50,6,4
82,2,5,43,20,64,4
54,30,33,17,1,38,4
20,48,2,10,61,41,4
57,25,9,99,39,48,4
68,17,11,71,50,64,4
29,15,16,96,52,56,4
81,24,10,25,44,65,4
47,19,22,45,63,99,4
23,25,13,27,59,11,4
2,8,32,41,92,88,4
40,30,38,52,82,62,4
11,48,9,58,99,50,4
47,10,13,34,44,59,4
21,2,13,98,21,84,4
45,55,50,45,34,7,4
97,20,12,32,84,62,4
30,17,39,40,11,92,4
46,13,46,33,34,37,4
55,13,10,3,82,11,4
58,16,41,36,66,62,4
64,42,36,45,78,9,4
58,47,21,20,24,20,4
88,18,7,39,60,17,4
32,8,61,50,53,36,4
73,18,3,55,77,87,4
44,14,6,10,27,40,4
21,8,35,9,83,96,4
39,6,44,24,43,15,4
34,23,31,49,98,44,4
69,66,6,36,72,24,4
58,40,55,49,55,0,4
10,48,32,21,36,17,4
48,9,29,68,1,94,4
14,41,43,0,49,33,4
89,48,7,16,73,42,4
64,9,42,44,76,7,4
18,6,32,59,82,93,4
53,28,6,66,10,62,4
32,1,12,22,41,1,4
21,35,26,35,24,47,4
75,29,15,27,10,16,4
27,53,14,52,36,51,4
2,45,37,32,17,42,4
64,20,34,37,55,74,4
60,19,3,17,15,36,4
34,7,14,75,40,29,4
32,19,14,76,97,63,4
26,18,32,79,43,33,4
1,20,63,23,21,28,4
40,7,6,61,44,41,4
31,20,8,89,95,52,4
67,6,20,63,92,6,4
50,29,26,59,20,25,4
21,40,43,69,21,14,4
12,27,5,36,87,63,4
35,2,22,59,99,24,4
2,57,20,18,46,10,4
62,12,25,58,82,59,4
65,4,33,6,3,11,4
68,24,21,45,47,88,4
5,13,14,38,38,15,4
26,2,53,1,92,41,4
20,18,42,51,20,75,4
16,51,18,69,18,40,4
51,8,43,13,58,2,4
50,43,15,16,83,49,4
7,20,1,30,75,5,4
55,19,38,46,80,20,4
21,36,36,82,1,39,4
71,9,38,55,8,91,4
40,11,39,11,28,9,4
